id,name,address,email,phone,cardId,createdAt,updatedAt
1,Customer1,,huygiapboy@gmail.com,,0000001,2022-11-26,2022-11-26
2,Customer2,,huygiapboy@gmail.com,,0000002,2022-11-26,2022-11-26
3,Customer3,,huygiapboy@gmail.com,,0000003,2022-11-26,2022-11-26
4,Customer4,,huygiapboy@gmail.com,,0000004,2022-11-26,2022-11-26
5,Customer5,,huygiapboy@gmail.com,,0000005,2022-11-26,2022-11-26
6,Customer6,,huygiapboy@gmail.com,,0000006,2022-11-26,2022-11-26
7,Customer7,,huygiapboy@gmail.com,,0000007,2022-11-26,2022-11-26
8,Customer8,,huygiapboy@gmail.com,,0000008,2022-11-26,2022-11-26
9,Customer9,,huygiapboy@gmail.com,,0000009,2022-11-26,2022-11-26
10,Customer10,,huygiapboy@gmail.com,,0000010,2022-11-26,2022-11-26
11,Customer11,,huygiapboy@gmail.com,,0000011,2022-11-26,2022-11-26
12,Customer12,,huygiapboy@gmail.com,,0000012,2022-11-26,2022-11-26
13,Customer13,,huygiapboy@gmail.com,,0000013,2022-11-26,2022-11-26
14,Customer14,,huygiapboy@gmail.com,,0000014,2022-11-26,2022-11-26
15,Customer15,,huygiapboy@gmail.com,,0000015,2022-11-26,2022-11-26
16,Customer16,,huygiapboy@gmail.com,,0000016,2022-11-26,2022-11-26
17,Customer17,,huygiapboy@gmail.com,,0000017,2022-11-26,2022-11-26
18,Customer18,,huygiapboy@gmail.com,,0000018,2022-11-26,2022-11-26
19,Customer19,,huygiapboy@gmail.com,,0000019,2022-11-26,2022-11-26
20,Customer20,,huygiapboy@gmail.com,,0000020,2022-11-26,2022-11-26
21,Customer21,,huygiapboy@gmail.com,,0000021,2022-11-26,2022-11-26
22,Customer22,,huygiapboy@gmail.com,,0000022,2022-11-26,2022-11-26
23,Customer23,,huygiapboy@gmail.com,,0000023,2022-11-26,2022-11-26
24,Customer24,,huygiapboy@gmail.com,,0000024,2022-11-26,2022-11-26
25,Customer25,,huygiapboy@gmail.com,,0000025,2022-11-26,2022-11-26
26,Customer26,,huygiapboy@gmail.com,,0000026,2022-11-26,2022-11-26
27,Customer27,,huygiapboy@gmail.com,,0000027,2022-11-26,2022-11-26
28,Customer28,,huygiapboy@gmail.com,,0000028,2022-11-26,2022-11-26
29,Customer29,,huygiapboy@gmail.com,,0000029,2022-11-26,2022-11-26
30,Customer30,,huygiapboy@gmail.com,,0000030,2022-11-26,2022-11-26
31,Customer31,,huygiapboy@gmail.com,,0000031,2022-11-26,2022-11-26
32,Customer32,,huygiapboy@gmail.com,,0000032,2022-11-26,2022-11-26
33,Customer33,,huygiapboy@gmail.com,,0000033,2022-11-26,2022-11-26
34,Customer34,,huygiapboy@gmail.com,,0000034,2022-11-26,2022-11-26
35,Customer35,,huygiapboy@gmail.com,,0000035,2022-11-26,2022-11-26
36,Customer36,,huygiapboy@gmail.com,,0000036,2022-11-26,2022-11-26
37,Customer37,,huygiapboy@gmail.com,,0000037,2022-11-26,2022-11-26
38,Customer38,,huygiapboy@gmail.com,,0000038,2022-11-26,2022-11-26
39,Customer39,,huygiapboy@gmail.com,,0000039,2022-11-26,2022-11-26
40,Customer40,,huygiapboy@gmail.com,,0000040,2022-11-26,2022-11-26
41,Customer41,,huygiapboy@gmail.com,,0000041,2022-11-26,2022-11-26
42,Customer42,,huygiapboy@gmail.com,,0000042,2022-11-26,2022-11-26
43,Customer43,,huygiapboy@gmail.com,,0000043,2022-11-26,2022-11-26
44,Customer44,,huygiapboy@gmail.com,,0000044,2022-11-26,2022-11-26
45,Customer45,,huygiapboy@gmail.com,,0000045,2022-11-26,2022-11-26
46,Customer46,,huygiapboy@gmail.com,,0000046,2022-11-26,2022-11-26
47,Customer47,,huygiapboy@gmail.com,,0000047,2022-11-26,2022-11-26
48,Customer48,,huygiapboy@gmail.com,,0000048,2022-11-26,2022-11-26
49,Customer49,,huygiapboy@gmail.com,,0000049,2022-11-26,2022-11-26
50,Customer50,,huygiapboy@gmail.com,,0000050,2022-11-26,2022-11-26
51,Customer51,,huygiapboy@gmail.com,,0000051,2022-11-26,2022-11-26
52,Customer52,,huygiapboy@gmail.com,,0000052,2022-11-26,2022-11-26
53,Customer53,,huygiapboy@gmail.com,,0000053,2022-11-26,2022-11-26
54,Customer54,,huygiapboy@gmail.com,,0000054,2022-11-26,2022-11-26
55,Customer55,,huygiapboy@gmail.com,,0000055,2022-11-26,2022-11-26
56,Customer56,,huygiapboy@gmail.com,,0000056,2022-11-26,2022-11-26
57,Customer57,,huygiapboy@gmail.com,,0000057,2022-11-26,2022-11-26
58,Customer58,,huygiapboy@gmail.com,,0000058,2022-11-26,2022-11-26
59,Customer59,,huygiapboy@gmail.com,,0000059,2022-11-26,2022-11-26
60,Customer60,,huygiapboy@gmail.com,,0000060,2022-11-26,2022-11-26
61,Customer61,,huygiapboy@gmail.com,,0000061,2022-11-26,2022-11-26
62,Customer62,,huygiapboy@gmail.com,,0000062,2022-11-26,2022-11-26
63,Customer63,,huygiapboy@gmail.com,,0000063,2022-11-26,2022-11-26
64,Customer64,,huygiapboy@gmail.com,,0000064,2022-11-26,2022-11-26
65,Customer65,,huygiapboy@gmail.com,,0000065,2022-11-26,2022-11-26
66,Customer66,,huygiapboy@gmail.com,,0000066,2022-11-26,2022-11-26
67,Customer67,,huygiapboy@gmail.com,,0000067,2022-11-26,2022-11-26
68,Customer68,,huygiapboy@gmail.com,,0000068,2022-11-26,2022-11-26
69,Customer69,,huygiapboy@gmail.com,,0000069,2022-11-26,2022-11-26
70,Customer70,,huygiapboy@gmail.com,,0000070,2022-11-26,2022-11-26
71,Customer71,,huygiapboy@gmail.com,,0000071,2022-11-26,2022-11-26
72,Customer72,,huygiapboy@gmail.com,,0000072,2022-11-26,2022-11-26
73,Customer73,,huygiapboy@gmail.com,,0000073,2022-11-26,2022-11-26
74,Customer74,,huygiapboy@gmail.com,,0000074,2022-11-26,2022-11-26
75,Customer75,,huygiapboy@gmail.com,,0000075,2022-11-26,2022-11-26
76,Customer76,,huygiapboy@gmail.com,,0000076,2022-11-26,2022-11-26
77,Customer77,,huygiapboy@gmail.com,,0000077,2022-11-26,2022-11-26
78,Customer78,,huygiapboy@gmail.com,,0000078,2022-11-26,2022-11-26
79,Customer79,,huygiapboy@gmail.com,,0000079,2022-11-26,2022-11-26
80,Customer80,,huygiapboy@gmail.com,,0000080,2022-11-26,2022-11-26
81,Customer81,,huygiapboy@gmail.com,,0000081,2022-11-26,2022-11-26
82,Customer82,,huygiapboy@gmail.com,,0000082,2022-11-26,2022-11-26
83,Customer83,,huygiapboy@gmail.com,,0000083,2022-11-26,2022-11-26
84,Customer84,,huygiapboy@gmail.com,,0000084,2022-11-26,2022-11-26
85,Customer85,,huygiapboy@gmail.com,,0000085,2022-11-26,2022-11-26
86,Customer86,,huygiapboy@gmail.com,,0000086,2022-11-26,2022-11-26
87,Customer87,,huygiapboy@gmail.com,,0000087,2022-11-26,2022-11-26
88,Customer88,,huygiapboy@gmail.com,,0000088,2022-11-26,2022-11-26
89,Customer89,,huygiapboy@gmail.com,,0000089,2022-11-26,2022-11-26
90,Customer90,,huygiapboy@gmail.com,,0000090,2022-11-26,2022-11-26
91,Customer91,,huygiapboy@gmail.com,,0000091,2022-11-26,2022-11-26
92,Customer92,,huygiapboy@gmail.com,,0000092,2022-11-26,2022-11-26
93,Customer93,,huygiapboy@gmail.com,,0000093,2022-11-26,2022-11-26
94,Customer94,,huygiapboy@gmail.com,,0000094,2022-11-26,2022-11-26
95,Customer95,,huygiapboy@gmail.com,,0000095,2022-11-26,2022-11-26
96,Customer96,,huygiapboy@gmail.com,,0000096,2022-11-26,2022-11-26
97,Customer97,,huygiapboy@gmail.com,,0000097,2022-11-26,2022-11-26
98,Customer98,,huygiapboy@gmail.com,,0000098,2022-11-26,2022-11-26
99,Customer99,,huygiapboy@gmail.com,,0000099,2022-11-26,2022-11-26
100,Customer100,,huygiapboy@gmail.com,,0000100,2022-11-26,2022-11-26
101,Customer101,,huygiapboy@gmail.com,,0000101,2022-11-26,2022-11-26
102,Customer102,,huygiapboy@gmail.com,,0000102,2022-11-26,2022-11-26
103,Customer103,,huygiapboy@gmail.com,,0000103,2022-11-26,2022-11-26
104,Customer104,,huygiapboy@gmail.com,,0000104,2022-11-26,2022-11-26
105,Customer105,,huygiapboy@gmail.com,,0000105,2022-11-26,2022-11-26
106,Customer106,,huygiapboy@gmail.com,,0000106,2022-11-26,2022-11-26
107,Customer107,,huygiapboy@gmail.com,,0000107,2022-11-26,2022-11-26
108,Customer108,,huygiapboy@gmail.com,,0000108,2022-11-26,2022-11-26
109,Customer109,,huygiapboy@gmail.com,,0000109,2022-11-26,2022-11-26
110,Customer110,,huygiapboy@gmail.com,,0000110,2022-11-26,2022-11-26
111,Customer111,,huygiapboy@gmail.com,,0000111,2022-11-26,2022-11-26
112,Customer112,,huygiapboy@gmail.com,,0000112,2022-11-26,2022-11-26
113,Customer113,,huygiapboy@gmail.com,,0000113,2022-11-26,2022-11-26
114,Customer114,,huygiapboy@gmail.com,,0000114,2022-11-26,2022-11-26
115,Customer115,,huygiapboy@gmail.com,,0000115,2022-11-26,2022-11-26
116,Customer116,,huygiapboy@gmail.com,,0000116,2022-11-26,2022-11-26
117,Customer117,,huygiapboy@gmail.com,,0000117,2022-11-26,2022-11-26
118,Customer118,,huygiapboy@gmail.com,,0000118,2022-11-26,2022-11-26
119,Customer119,,huygiapboy@gmail.com,,0000119,2022-11-26,2022-11-26
120,Customer120,,huygiapboy@gmail.com,,0000120,2022-11-26,2022-11-26
121,Customer121,,huygiapboy@gmail.com,,0000121,2022-11-26,2022-11-26
122,Customer122,,huygiapboy@gmail.com,,0000122,2022-11-26,2022-11-26
123,Customer123,,huygiapboy@gmail.com,,0000123,2022-11-26,2022-11-26
124,Customer124,,huygiapboy@gmail.com,,0000124,2022-11-26,2022-11-26
125,Customer125,,huygiapboy@gmail.com,,0000125,2022-11-26,2022-11-26
126,Customer126,,huygiapboy@gmail.com,,0000126,2022-11-26,2022-11-26
127,Customer127,,huygiapboy@gmail.com,,0000127,2022-11-26,2022-11-26
128,Customer128,,huygiapboy@gmail.com,,0000128,2022-11-26,2022-11-26
129,Customer129,,huygiapboy@gmail.com,,0000129,2022-11-26,2022-11-26
130,Customer130,,huygiapboy@gmail.com,,0000130,2022-11-26,2022-11-26
131,Customer131,,huygiapboy@gmail.com,,0000131,2022-11-26,2022-11-26
132,Customer132,,huygiapboy@gmail.com,,0000132,2022-11-26,2022-11-26
133,Customer133,,huygiapboy@gmail.com,,0000133,2022-11-26,2022-11-26
134,Customer134,,huygiapboy@gmail.com,,0000134,2022-11-26,2022-11-26
135,Customer135,,huygiapboy@gmail.com,,0000135,2022-11-26,2022-11-26
136,Customer136,,huygiapboy@gmail.com,,0000136,2022-11-26,2022-11-26
137,Customer137,,huygiapboy@gmail.com,,0000137,2022-11-26,2022-11-26
138,Customer138,,huygiapboy@gmail.com,,0000138,2022-11-26,2022-11-26
139,Customer139,,huygiapboy@gmail.com,,0000139,2022-11-26,2022-11-26
140,Customer140,,huygiapboy@gmail.com,,0000140,2022-11-26,2022-11-26
141,Customer141,,huygiapboy@gmail.com,,0000141,2022-11-26,2022-11-26
142,Customer142,,huygiapboy@gmail.com,,0000142,2022-11-26,2022-11-26
143,Customer143,,huygiapboy@gmail.com,,0000143,2022-11-26,2022-11-26
144,Customer144,,huygiapboy@gmail.com,,0000144,2022-11-26,2022-11-26
145,Customer145,,huygiapboy@gmail.com,,0000145,2022-11-26,2022-11-26
146,Customer146,,huygiapboy@gmail.com,,0000146,2022-11-26,2022-11-26
147,Customer147,,huygiapboy@gmail.com,,0000147,2022-11-26,2022-11-26
148,Customer148,,huygiapboy@gmail.com,,0000148,2022-11-26,2022-11-26
149,Customer149,,huygiapboy@gmail.com,,0000149,2022-11-26,2022-11-26
150,Customer150,,huygiapboy@gmail.com,,0000150,2022-11-26,2022-11-26
151,Customer151,,huygiapboy@gmail.com,,0000151,2022-11-26,2022-11-26
152,Customer152,,huygiapboy@gmail.com,,0000152,2022-11-26,2022-11-26
153,Customer153,,huygiapboy@gmail.com,,0000153,2022-11-26,2022-11-26
154,Customer154,,huygiapboy@gmail.com,,0000154,2022-11-26,2022-11-26
155,Customer155,,huygiapboy@gmail.com,,0000155,2022-11-26,2022-11-26
156,Customer156,,huygiapboy@gmail.com,,0000156,2022-11-26,2022-11-26
157,Customer157,,huygiapboy@gmail.com,,0000157,2022-11-26,2022-11-26
158,Customer158,,huygiapboy@gmail.com,,0000158,2022-11-26,2022-11-26
159,Customer159,,huygiapboy@gmail.com,,0000159,2022-11-26,2022-11-26
160,Customer160,,huygiapboy@gmail.com,,0000160,2022-11-26,2022-11-26
161,Customer161,,huygiapboy@gmail.com,,0000161,2022-11-26,2022-11-26
162,Customer162,,huygiapboy@gmail.com,,0000162,2022-11-26,2022-11-26
163,Customer163,,huygiapboy@gmail.com,,0000163,2022-11-26,2022-11-26
164,Customer164,,huygiapboy@gmail.com,,0000164,2022-11-26,2022-11-26
165,Customer165,,huygiapboy@gmail.com,,0000165,2022-11-26,2022-11-26
166,Customer166,,huygiapboy@gmail.com,,0000166,2022-11-26,2022-11-26
167,Customer167,,huygiapboy@gmail.com,,0000167,2022-11-26,2022-11-26
168,Customer168,,huygiapboy@gmail.com,,0000168,2022-11-26,2022-11-26
169,Customer169,,huygiapboy@gmail.com,,0000169,2022-11-26,2022-11-26
170,Customer170,,huygiapboy@gmail.com,,0000170,2022-11-26,2022-11-26
171,Customer171,,huygiapboy@gmail.com,,0000171,2022-11-26,2022-11-26
172,Customer172,,huygiapboy@gmail.com,,0000172,2022-11-26,2022-11-26
173,Customer173,,huygiapboy@gmail.com,,0000173,2022-11-26,2022-11-26
174,Customer174,,huygiapboy@gmail.com,,0000174,2022-11-26,2022-11-26
175,Customer175,,huygiapboy@gmail.com,,0000175,2022-11-26,2022-11-26
176,Customer176,,huygiapboy@gmail.com,,0000176,2022-11-26,2022-11-26
177,Customer177,,huygiapboy@gmail.com,,0000177,2022-11-26,2022-11-26
178,Customer178,,huygiapboy@gmail.com,,0000178,2022-11-26,2022-11-26
179,Customer179,,huygiapboy@gmail.com,,0000179,2022-11-26,2022-11-26
180,Customer180,,huygiapboy@gmail.com,,0000180,2022-11-26,2022-11-26
181,Customer181,,huygiapboy@gmail.com,,0000181,2022-11-26,2022-11-26
182,Customer182,,huygiapboy@gmail.com,,0000182,2022-11-26,2022-11-26
183,Customer183,,huygiapboy@gmail.com,,0000183,2022-11-26,2022-11-26
184,Customer184,,huygiapboy@gmail.com,,0000184,2022-11-26,2022-11-26
185,Customer185,,huygiapboy@gmail.com,,0000185,2022-11-26,2022-11-26
186,Customer186,,huygiapboy@gmail.com,,0000186,2022-11-26,2022-11-26
187,Customer187,,huygiapboy@gmail.com,,0000187,2022-11-26,2022-11-26
188,Customer188,,huygiapboy@gmail.com,,0000188,2022-11-26,2022-11-26
189,Customer189,,huygiapboy@gmail.com,,0000189,2022-11-26,2022-11-26
190,Customer190,,huygiapboy@gmail.com,,0000190,2022-11-26,2022-11-26
191,Customer191,,huygiapboy@gmail.com,,0000191,2022-11-26,2022-11-26
192,Customer192,,huygiapboy@gmail.com,,0000192,2022-11-26,2022-11-26
193,Customer193,,huygiapboy@gmail.com,,0000193,2022-11-26,2022-11-26
194,Customer194,,huygiapboy@gmail.com,,0000194,2022-11-26,2022-11-26
195,Customer195,,huygiapboy@gmail.com,,0000195,2022-11-26,2022-11-26
196,Customer196,,huygiapboy@gmail.com,,0000196,2022-11-26,2022-11-26
197,Customer197,,huygiapboy@gmail.com,,0000197,2022-11-26,2022-11-26
198,Customer198,,huygiapboy@gmail.com,,0000198,2022-11-26,2022-11-26
199,Customer199,,huygiapboy@gmail.com,,0000199,2022-11-26,2022-11-26
200,Customer200,,huygiapboy@gmail.com,,0000200,2022-11-26,2022-11-26
201,Customer201,,huygiapboy@gmail.com,,0000201,2022-11-26,2022-11-26
202,Customer202,,huygiapboy@gmail.com,,0000202,2022-11-26,2022-11-26
203,Customer203,,huygiapboy@gmail.com,,0000203,2022-11-26,2022-11-26
204,Customer204,,huygiapboy@gmail.com,,0000204,2022-11-26,2022-11-26
205,Customer205,,huygiapboy@gmail.com,,0000205,2022-11-26,2022-11-26
206,Customer206,,huygiapboy@gmail.com,,0000206,2022-11-26,2022-11-26
207,Customer207,,huygiapboy@gmail.com,,0000207,2022-11-26,2022-11-26
208,Customer208,,huygiapboy@gmail.com,,0000208,2022-11-26,2022-11-26
209,Customer209,,huygiapboy@gmail.com,,0000209,2022-11-26,2022-11-26
210,Customer210,,huygiapboy@gmail.com,,0000210,2022-11-26,2022-11-26
211,Customer211,,huygiapboy@gmail.com,,0000211,2022-11-26,2022-11-26
212,Customer212,,huygiapboy@gmail.com,,0000212,2022-11-26,2022-11-26
213,Customer213,,huygiapboy@gmail.com,,0000213,2022-11-26,2022-11-26
214,Customer214,,huygiapboy@gmail.com,,0000214,2022-11-26,2022-11-26
215,Customer215,,huygiapboy@gmail.com,,0000215,2022-11-26,2022-11-26
216,Customer216,,huygiapboy@gmail.com,,0000216,2022-11-26,2022-11-26
217,Customer217,,huygiapboy@gmail.com,,0000217,2022-11-26,2022-11-26
218,Customer218,,huygiapboy@gmail.com,,0000218,2022-11-26,2022-11-26
219,Customer219,,huygiapboy@gmail.com,,0000219,2022-11-26,2022-11-26
220,Customer220,,huygiapboy@gmail.com,,0000220,2022-11-26,2022-11-26
221,Customer221,,huygiapboy@gmail.com,,0000221,2022-11-26,2022-11-26
222,Customer222,,huygiapboy@gmail.com,,0000222,2022-11-26,2022-11-26
223,Customer223,,huygiapboy@gmail.com,,0000223,2022-11-26,2022-11-26
224,Customer224,,huygiapboy@gmail.com,,0000224,2022-11-26,2022-11-26
225,Customer225,,huygiapboy@gmail.com,,0000225,2022-11-26,2022-11-26
226,Customer226,,huygiapboy@gmail.com,,0000226,2022-11-26,2022-11-26
227,Customer227,,huygiapboy@gmail.com,,0000227,2022-11-26,2022-11-26
228,Customer228,,huygiapboy@gmail.com,,0000228,2022-11-26,2022-11-26
229,Customer229,,huygiapboy@gmail.com,,0000229,2022-11-26,2022-11-26
230,Customer230,,huygiapboy@gmail.com,,0000230,2022-11-26,2022-11-26
231,Customer231,,huygiapboy@gmail.com,,0000231,2022-11-26,2022-11-26
232,Customer232,,huygiapboy@gmail.com,,0000232,2022-11-26,2022-11-26
233,Customer233,,huygiapboy@gmail.com,,0000233,2022-11-26,2022-11-26
234,Customer234,,huygiapboy@gmail.com,,0000234,2022-11-26,2022-11-26
235,Customer235,,huygiapboy@gmail.com,,0000235,2022-11-26,2022-11-26
236,Customer236,,huygiapboy@gmail.com,,0000236,2022-11-26,2022-11-26
237,Customer237,,huygiapboy@gmail.com,,0000237,2022-11-26,2022-11-26
238,Customer238,,huygiapboy@gmail.com,,0000238,2022-11-26,2022-11-26
239,Customer239,,huygiapboy@gmail.com,,0000239,2022-11-26,2022-11-26
240,Customer240,,huygiapboy@gmail.com,,0000240,2022-11-26,2022-11-26
241,Customer241,,huygiapboy@gmail.com,,0000241,2022-11-26,2022-11-26
242,Customer242,,huygiapboy@gmail.com,,0000242,2022-11-26,2022-11-26
243,Customer243,,huygiapboy@gmail.com,,0000243,2022-11-26,2022-11-26
244,Customer244,,huygiapboy@gmail.com,,0000244,2022-11-26,2022-11-26
245,Customer245,,huygiapboy@gmail.com,,0000245,2022-11-26,2022-11-26
246,Customer246,,huygiapboy@gmail.com,,0000246,2022-11-26,2022-11-26
247,Customer247,,huygiapboy@gmail.com,,0000247,2022-11-26,2022-11-26
248,Customer248,,huygiapboy@gmail.com,,0000248,2022-11-26,2022-11-26
249,Customer249,,huygiapboy@gmail.com,,0000249,2022-11-26,2022-11-26
250,Customer250,,huygiapboy@gmail.com,,0000250,2022-11-26,2022-11-26
251,Customer251,,huygiapboy@gmail.com,,0000251,2022-11-26,2022-11-26
252,Customer252,,huygiapboy@gmail.com,,0000252,2022-11-26,2022-11-26
253,Customer253,,huygiapboy@gmail.com,,0000253,2022-11-26,2022-11-26
254,Customer254,,huygiapboy@gmail.com,,0000254,2022-11-26,2022-11-26
255,Customer255,,huygiapboy@gmail.com,,0000255,2022-11-26,2022-11-26
256,Customer256,,huygiapboy@gmail.com,,0000256,2022-11-26,2022-11-26
257,Customer257,,huygiapboy@gmail.com,,0000257,2022-11-26,2022-11-26
258,Customer258,,huygiapboy@gmail.com,,0000258,2022-11-26,2022-11-26
259,Customer259,,huygiapboy@gmail.com,,0000259,2022-11-26,2022-11-26
260,Customer260,,huygiapboy@gmail.com,,0000260,2022-11-26,2022-11-26
261,Customer261,,huygiapboy@gmail.com,,0000261,2022-11-26,2022-11-26
262,Customer262,,huygiapboy@gmail.com,,0000262,2022-11-26,2022-11-26
263,Customer263,,huygiapboy@gmail.com,,0000263,2022-11-26,2022-11-26
264,Customer264,,huygiapboy@gmail.com,,0000264,2022-11-26,2022-11-26
265,Customer265,,huygiapboy@gmail.com,,0000265,2022-11-26,2022-11-26
266,Customer266,,huygiapboy@gmail.com,,0000266,2022-11-26,2022-11-26
267,Customer267,,huygiapboy@gmail.com,,0000267,2022-11-26,2022-11-26
268,Customer268,,huygiapboy@gmail.com,,0000268,2022-11-26,2022-11-26
269,Customer269,,huygiapboy@gmail.com,,0000269,2022-11-26,2022-11-26
270,Customer270,,huygiapboy@gmail.com,,0000270,2022-11-26,2022-11-26
271,Customer271,,huygiapboy@gmail.com,,0000271,2022-11-26,2022-11-26
272,Customer272,,huygiapboy@gmail.com,,0000272,2022-11-26,2022-11-26
273,Customer273,,huygiapboy@gmail.com,,0000273,2022-11-26,2022-11-26
274,Customer274,,huygiapboy@gmail.com,,0000274,2022-11-26,2022-11-26
275,Customer275,,huygiapboy@gmail.com,,0000275,2022-11-26,2022-11-26
276,Customer276,,huygiapboy@gmail.com,,0000276,2022-11-26,2022-11-26
277,Customer277,,huygiapboy@gmail.com,,0000277,2022-11-26,2022-11-26
278,Customer278,,huygiapboy@gmail.com,,0000278,2022-11-26,2022-11-26
279,Customer279,,huygiapboy@gmail.com,,0000279,2022-11-26,2022-11-26
280,Customer280,,huygiapboy@gmail.com,,0000280,2022-11-26,2022-11-26
281,Customer281,,huygiapboy@gmail.com,,0000281,2022-11-26,2022-11-26
282,Customer282,,huygiapboy@gmail.com,,0000282,2022-11-26,2022-11-26
283,Customer283,,huygiapboy@gmail.com,,0000283,2022-11-26,2022-11-26
284,Customer284,,huygiapboy@gmail.com,,0000284,2022-11-26,2022-11-26
285,Customer285,,huygiapboy@gmail.com,,0000285,2022-11-26,2022-11-26
286,Customer286,,huygiapboy@gmail.com,,0000286,2022-11-26,2022-11-26
287,Customer287,,huygiapboy@gmail.com,,0000287,2022-11-26,2022-11-26
288,Customer288,,huygiapboy@gmail.com,,0000288,2022-11-26,2022-11-26
289,Customer289,,huygiapboy@gmail.com,,0000289,2022-11-26,2022-11-26
290,Customer290,,huygiapboy@gmail.com,,0000290,2022-11-26,2022-11-26
291,Customer291,,huygiapboy@gmail.com,,0000291,2022-11-26,2022-11-26
292,Customer292,,huygiapboy@gmail.com,,0000292,2022-11-26,2022-11-26
293,Customer293,,huygiapboy@gmail.com,,0000293,2022-11-26,2022-11-26
294,Customer294,,huygiapboy@gmail.com,,0000294,2022-11-26,2022-11-26
295,Customer295,,huygiapboy@gmail.com,,0000295,2022-11-26,2022-11-26
296,Customer296,,huygiapboy@gmail.com,,0000296,2022-11-26,2022-11-26
297,Customer297,,huygiapboy@gmail.com,,0000297,2022-11-26,2022-11-26
298,Customer298,,huygiapboy@gmail.com,,0000298,2022-11-26,2022-11-26
299,Customer299,,huygiapboy@gmail.com,,0000299,2022-11-26,2022-11-26
300,Customer300,,huygiapboy@gmail.com,,0000300,2022-11-26,2022-11-26
301,Customer301,,huygiapboy@gmail.com,,0000301,2022-11-26,2022-11-26
302,Customer302,,huygiapboy@gmail.com,,0000302,2022-11-26,2022-11-26
303,Customer303,,huygiapboy@gmail.com,,0000303,2022-11-26,2022-11-26
304,Customer304,,huygiapboy@gmail.com,,0000304,2022-11-26,2022-11-26
305,Customer305,,huygiapboy@gmail.com,,0000305,2022-11-26,2022-11-26
306,Customer306,,huygiapboy@gmail.com,,0000306,2022-11-26,2022-11-26
307,Customer307,,huygiapboy@gmail.com,,0000307,2022-11-26,2022-11-26
308,Customer308,,huygiapboy@gmail.com,,0000308,2022-11-26,2022-11-26
309,Customer309,,huygiapboy@gmail.com,,0000309,2022-11-26,2022-11-26
310,Customer310,,huygiapboy@gmail.com,,0000310,2022-11-26,2022-11-26
311,Customer311,,huygiapboy@gmail.com,,0000311,2022-11-26,2022-11-26
312,Customer312,,huygiapboy@gmail.com,,0000312,2022-11-26,2022-11-26
313,Customer313,,huygiapboy@gmail.com,,0000313,2022-11-26,2022-11-26
314,Customer314,,huygiapboy@gmail.com,,0000314,2022-11-26,2022-11-26
315,Customer315,,huygiapboy@gmail.com,,0000315,2022-11-26,2022-11-26
316,Customer316,,huygiapboy@gmail.com,,0000316,2022-11-26,2022-11-26
317,Customer317,,huygiapboy@gmail.com,,0000317,2022-11-26,2022-11-26
318,Customer318,,huygiapboy@gmail.com,,0000318,2022-11-26,2022-11-26
319,Customer319,,huygiapboy@gmail.com,,0000319,2022-11-26,2022-11-26
320,Customer320,,huygiapboy@gmail.com,,0000320,2022-11-26,2022-11-26
321,Customer321,,huygiapboy@gmail.com,,0000321,2022-11-26,2022-11-26
322,Customer322,,huygiapboy@gmail.com,,0000322,2022-11-26,2022-11-26
323,Customer323,,huygiapboy@gmail.com,,0000323,2022-11-26,2022-11-26
324,Customer324,,huygiapboy@gmail.com,,0000324,2022-11-26,2022-11-26
325,Customer325,,huygiapboy@gmail.com,,0000325,2022-11-26,2022-11-26
326,Customer326,,huygiapboy@gmail.com,,0000326,2022-11-26,2022-11-26
327,Customer327,,huygiapboy@gmail.com,,0000327,2022-11-26,2022-11-26
328,Customer328,,huygiapboy@gmail.com,,0000328,2022-11-26,2022-11-26
329,Customer329,,huygiapboy@gmail.com,,0000329,2022-11-26,2022-11-26
330,Customer330,,huygiapboy@gmail.com,,0000330,2022-11-26,2022-11-26
331,Customer331,,huygiapboy@gmail.com,,0000331,2022-11-26,2022-11-26
332,Customer332,,huygiapboy@gmail.com,,0000332,2022-11-26,2022-11-26
333,Customer333,,huygiapboy@gmail.com,,0000333,2022-11-26,2022-11-26
334,Customer334,,huygiapboy@gmail.com,,0000334,2022-11-26,2022-11-26
335,Customer335,,huygiapboy@gmail.com,,0000335,2022-11-26,2022-11-26
336,Customer336,,huygiapboy@gmail.com,,0000336,2022-11-26,2022-11-26
337,Customer337,,huygiapboy@gmail.com,,0000337,2022-11-26,2022-11-26
338,Customer338,,huygiapboy@gmail.com,,0000338,2022-11-26,2022-11-26
339,Customer339,,huygiapboy@gmail.com,,0000339,2022-11-26,2022-11-26
340,Customer340,,huygiapboy@gmail.com,,0000340,2022-11-26,2022-11-26
341,Customer341,,huygiapboy@gmail.com,,0000341,2022-11-26,2022-11-26
342,Customer342,,huygiapboy@gmail.com,,0000342,2022-11-26,2022-11-26
343,Customer343,,huygiapboy@gmail.com,,0000343,2022-11-26,2022-11-26
344,Customer344,,huygiapboy@gmail.com,,0000344,2022-11-26,2022-11-26
345,Customer345,,huygiapboy@gmail.com,,0000345,2022-11-26,2022-11-26
346,Customer346,,huygiapboy@gmail.com,,0000346,2022-11-26,2022-11-26
347,Customer347,,huygiapboy@gmail.com,,0000347,2022-11-26,2022-11-26
348,Customer348,,huygiapboy@gmail.com,,0000348,2022-11-26,2022-11-26
349,Customer349,,huygiapboy@gmail.com,,0000349,2022-11-26,2022-11-26
350,Customer350,,huygiapboy@gmail.com,,0000350,2022-11-26,2022-11-26
351,Customer351,,huygiapboy@gmail.com,,0000351,2022-11-26,2022-11-26
352,Customer352,,huygiapboy@gmail.com,,0000352,2022-11-26,2022-11-26
353,Customer353,,huygiapboy@gmail.com,,0000353,2022-11-26,2022-11-26
354,Customer354,,huygiapboy@gmail.com,,0000354,2022-11-26,2022-11-26
355,Customer355,,huygiapboy@gmail.com,,0000355,2022-11-26,2022-11-26
356,Customer356,,huygiapboy@gmail.com,,0000356,2022-11-26,2022-11-26
357,Customer357,,huygiapboy@gmail.com,,0000357,2022-11-26,2022-11-26
358,Customer358,,huygiapboy@gmail.com,,0000358,2022-11-26,2022-11-26
359,Customer359,,huygiapboy@gmail.com,,0000359,2022-11-26,2022-11-26
360,Customer360,,huygiapboy@gmail.com,,0000360,2022-11-26,2022-11-26
361,Customer361,,huygiapboy@gmail.com,,0000361,2022-11-26,2022-11-26
362,Customer362,,huygiapboy@gmail.com,,0000362,2022-11-26,2022-11-26
363,Customer363,,huygiapboy@gmail.com,,0000363,2022-11-26,2022-11-26
364,Customer364,,huygiapboy@gmail.com,,0000364,2022-11-26,2022-11-26
365,Customer365,,huygiapboy@gmail.com,,0000365,2022-11-26,2022-11-26
366,Customer366,,huygiapboy@gmail.com,,0000366,2022-11-26,2022-11-26
367,Customer367,,huygiapboy@gmail.com,,0000367,2022-11-26,2022-11-26
368,Customer368,,huygiapboy@gmail.com,,0000368,2022-11-26,2022-11-26
369,Customer369,,huygiapboy@gmail.com,,0000369,2022-11-26,2022-11-26
370,Customer370,,huygiapboy@gmail.com,,0000370,2022-11-26,2022-11-26
371,Customer371,,huygiapboy@gmail.com,,0000371,2022-11-26,2022-11-26
372,Customer372,,huygiapboy@gmail.com,,0000372,2022-11-26,2022-11-26
373,Customer373,,huygiapboy@gmail.com,,0000373,2022-11-26,2022-11-26
374,Customer374,,huygiapboy@gmail.com,,0000374,2022-11-26,2022-11-26
375,Customer375,,huygiapboy@gmail.com,,0000375,2022-11-26,2022-11-26
376,Customer376,,huygiapboy@gmail.com,,0000376,2022-11-26,2022-11-26
377,Customer377,,huygiapboy@gmail.com,,0000377,2022-11-26,2022-11-26
378,Customer378,,huygiapboy@gmail.com,,0000378,2022-11-26,2022-11-26
379,Customer379,,huygiapboy@gmail.com,,0000379,2022-11-26,2022-11-26
380,Customer380,,huygiapboy@gmail.com,,0000380,2022-11-26,2022-11-26
381,Customer381,,huygiapboy@gmail.com,,0000381,2022-11-26,2022-11-26
382,Customer382,,huygiapboy@gmail.com,,0000382,2022-11-26,2022-11-26
383,Customer383,,huygiapboy@gmail.com,,0000383,2022-11-26,2022-11-26
384,Customer384,,huygiapboy@gmail.com,,0000384,2022-11-26,2022-11-26
385,Customer385,,huygiapboy@gmail.com,,0000385,2022-11-26,2022-11-26
386,Customer386,,huygiapboy@gmail.com,,0000386,2022-11-26,2022-11-26
387,Customer387,,huygiapboy@gmail.com,,0000387,2022-11-26,2022-11-26
388,Customer388,,huygiapboy@gmail.com,,0000388,2022-11-26,2022-11-26
389,Customer389,,huygiapboy@gmail.com,,0000389,2022-11-26,2022-11-26
390,Customer390,,huygiapboy@gmail.com,,0000390,2022-11-26,2022-11-26
391,Customer391,,huygiapboy@gmail.com,,0000391,2022-11-26,2022-11-26
392,Customer392,,huygiapboy@gmail.com,,0000392,2022-11-26,2022-11-26
393,Customer393,,huygiapboy@gmail.com,,0000393,2022-11-26,2022-11-26
394,Customer394,,huygiapboy@gmail.com,,0000394,2022-11-26,2022-11-26
395,Customer395,,huygiapboy@gmail.com,,0000395,2022-11-26,2022-11-26
396,Customer396,,huygiapboy@gmail.com,,0000396,2022-11-26,2022-11-26
397,Customer397,,huygiapboy@gmail.com,,0000397,2022-11-26,2022-11-26
398,Customer398,,huygiapboy@gmail.com,,0000398,2022-11-26,2022-11-26
399,Customer399,,huygiapboy@gmail.com,,0000399,2022-11-26,2022-11-26
400,Customer400,,huygiapboy@gmail.com,,0000400,2022-11-26,2022-11-26
401,Customer401,,huygiapboy@gmail.com,,0000401,2022-11-26,2022-11-26
402,Customer402,,huygiapboy@gmail.com,,0000402,2022-11-26,2022-11-26
403,Customer403,,huygiapboy@gmail.com,,0000403,2022-11-26,2022-11-26
404,Customer404,,huygiapboy@gmail.com,,0000404,2022-11-26,2022-11-26
405,Customer405,,huygiapboy@gmail.com,,0000405,2022-11-26,2022-11-26
406,Customer406,,huygiapboy@gmail.com,,0000406,2022-11-26,2022-11-26
407,Customer407,,huygiapboy@gmail.com,,0000407,2022-11-26,2022-11-26
408,Customer408,,huygiapboy@gmail.com,,0000408,2022-11-26,2022-11-26
409,Customer409,,huygiapboy@gmail.com,,0000409,2022-11-26,2022-11-26
410,Customer410,,huygiapboy@gmail.com,,0000410,2022-11-26,2022-11-26
411,Customer411,,huygiapboy@gmail.com,,0000411,2022-11-26,2022-11-26
412,Customer412,,huygiapboy@gmail.com,,0000412,2022-11-26,2022-11-26
413,Customer413,,huygiapboy@gmail.com,,0000413,2022-11-26,2022-11-26
414,Customer414,,huygiapboy@gmail.com,,0000414,2022-11-26,2022-11-26
415,Customer415,,huygiapboy@gmail.com,,0000415,2022-11-26,2022-11-26
416,Customer416,,huygiapboy@gmail.com,,0000416,2022-11-26,2022-11-26
417,Customer417,,huygiapboy@gmail.com,,0000417,2022-11-26,2022-11-26
418,Customer418,,huygiapboy@gmail.com,,0000418,2022-11-26,2022-11-26
419,Customer419,,huygiapboy@gmail.com,,0000419,2022-11-26,2022-11-26
420,Customer420,,huygiapboy@gmail.com,,0000420,2022-11-26,2022-11-26
421,Customer421,,huygiapboy@gmail.com,,0000421,2022-11-26,2022-11-26
422,Customer422,,huygiapboy@gmail.com,,0000422,2022-11-26,2022-11-26
423,Customer423,,huygiapboy@gmail.com,,0000423,2022-11-26,2022-11-26
424,Customer424,,huygiapboy@gmail.com,,0000424,2022-11-26,2022-11-26
425,Customer425,,huygiapboy@gmail.com,,0000425,2022-11-26,2022-11-26
426,Customer426,,huygiapboy@gmail.com,,0000426,2022-11-26,2022-11-26
427,Customer427,,huygiapboy@gmail.com,,0000427,2022-11-26,2022-11-26
428,Customer428,,huygiapboy@gmail.com,,0000428,2022-11-26,2022-11-26
429,Customer429,,huygiapboy@gmail.com,,0000429,2022-11-26,2022-11-26
430,Customer430,,huygiapboy@gmail.com,,0000430,2022-11-26,2022-11-26
431,Customer431,,huygiapboy@gmail.com,,0000431,2022-11-26,2022-11-26
432,Customer432,,huygiapboy@gmail.com,,0000432,2022-11-26,2022-11-26
433,Customer433,,huygiapboy@gmail.com,,0000433,2022-11-26,2022-11-26
434,Customer434,,huygiapboy@gmail.com,,0000434,2022-11-26,2022-11-26
435,Customer435,,huygiapboy@gmail.com,,0000435,2022-11-26,2022-11-26
436,Customer436,,huygiapboy@gmail.com,,0000436,2022-11-26,2022-11-26
437,Customer437,,huygiapboy@gmail.com,,0000437,2022-11-26,2022-11-26
438,Customer438,,huygiapboy@gmail.com,,0000438,2022-11-26,2022-11-26
439,Customer439,,huygiapboy@gmail.com,,0000439,2022-11-26,2022-11-26
440,Customer440,,huygiapboy@gmail.com,,0000440,2022-11-26,2022-11-26
441,Customer441,,huygiapboy@gmail.com,,0000441,2022-11-26,2022-11-26
442,Customer442,,huygiapboy@gmail.com,,0000442,2022-11-26,2022-11-26
443,Customer443,,huygiapboy@gmail.com,,0000443,2022-11-26,2022-11-26
444,Customer444,,huygiapboy@gmail.com,,0000444,2022-11-26,2022-11-26
445,Customer445,,huygiapboy@gmail.com,,0000445,2022-11-26,2022-11-26
446,Customer446,,huygiapboy@gmail.com,,0000446,2022-11-26,2022-11-26
447,Customer447,,huygiapboy@gmail.com,,0000447,2022-11-26,2022-11-26
448,Customer448,,huygiapboy@gmail.com,,0000448,2022-11-26,2022-11-26
449,Customer449,,huygiapboy@gmail.com,,0000449,2022-11-26,2022-11-26
450,Customer450,,huygiapboy@gmail.com,,0000450,2022-11-26,2022-11-26
451,Customer451,,huygiapboy@gmail.com,,0000451,2022-11-26,2022-11-26
452,Customer452,,huygiapboy@gmail.com,,0000452,2022-11-26,2022-11-26
453,Customer453,,huygiapboy@gmail.com,,0000453,2022-11-26,2022-11-26
454,Customer454,,huygiapboy@gmail.com,,0000454,2022-11-26,2022-11-26
455,Customer455,,huygiapboy@gmail.com,,0000455,2022-11-26,2022-11-26
456,Customer456,,huygiapboy@gmail.com,,0000456,2022-11-26,2022-11-26
457,Customer457,,huygiapboy@gmail.com,,0000457,2022-11-26,2022-11-26
458,Customer458,,huygiapboy@gmail.com,,0000458,2022-11-26,2022-11-26
459,Customer459,,huygiapboy@gmail.com,,0000459,2022-11-26,2022-11-26
460,Customer460,,huygiapboy@gmail.com,,0000460,2022-11-26,2022-11-26
461,Customer461,,huygiapboy@gmail.com,,0000461,2022-11-26,2022-11-26
462,Customer462,,huygiapboy@gmail.com,,0000462,2022-11-26,2022-11-26
463,Customer463,,huygiapboy@gmail.com,,0000463,2022-11-26,2022-11-26
464,Customer464,,huygiapboy@gmail.com,,0000464,2022-11-26,2022-11-26
465,Customer465,,huygiapboy@gmail.com,,0000465,2022-11-26,2022-11-26
466,Customer466,,huygiapboy@gmail.com,,0000466,2022-11-26,2022-11-26
467,Customer467,,huygiapboy@gmail.com,,0000467,2022-11-26,2022-11-26
468,Customer468,,huygiapboy@gmail.com,,0000468,2022-11-26,2022-11-26
469,Customer469,,huygiapboy@gmail.com,,0000469,2022-11-26,2022-11-26
470,Customer470,,huygiapboy@gmail.com,,0000470,2022-11-26,2022-11-26
471,Customer471,,huygiapboy@gmail.com,,0000471,2022-11-26,2022-11-26
472,Customer472,,huygiapboy@gmail.com,,0000472,2022-11-26,2022-11-26
473,Customer473,,huygiapboy@gmail.com,,0000473,2022-11-26,2022-11-26
474,Customer474,,huygiapboy@gmail.com,,0000474,2022-11-26,2022-11-26
475,Customer475,,huygiapboy@gmail.com,,0000475,2022-11-26,2022-11-26
476,Customer476,,huygiapboy@gmail.com,,0000476,2022-11-26,2022-11-26
477,Customer477,,huygiapboy@gmail.com,,0000477,2022-11-26,2022-11-26
478,Customer478,,huygiapboy@gmail.com,,0000478,2022-11-26,2022-11-26
479,Customer479,,huygiapboy@gmail.com,,0000479,2022-11-26,2022-11-26
480,Customer480,,huygiapboy@gmail.com,,0000480,2022-11-26,2022-11-26
481,Customer481,,huygiapboy@gmail.com,,0000481,2022-11-26,2022-11-26
482,Customer482,,huygiapboy@gmail.com,,0000482,2022-11-26,2022-11-26
483,Customer483,,huygiapboy@gmail.com,,0000483,2022-11-26,2022-11-26
484,Customer484,,huygiapboy@gmail.com,,0000484,2022-11-26,2022-11-26
485,Customer485,,huygiapboy@gmail.com,,0000485,2022-11-26,2022-11-26
486,Customer486,,huygiapboy@gmail.com,,0000486,2022-11-26,2022-11-26
487,Customer487,,huygiapboy@gmail.com,,0000487,2022-11-26,2022-11-26
488,Customer488,,huygiapboy@gmail.com,,0000488,2022-11-26,2022-11-26
489,Customer489,,huygiapboy@gmail.com,,0000489,2022-11-26,2022-11-26
490,Customer490,,huygiapboy@gmail.com,,0000490,2022-11-26,2022-11-26
491,Customer491,,huygiapboy@gmail.com,,0000491,2022-11-26,2022-11-26
492,Customer492,,huygiapboy@gmail.com,,0000492,2022-11-26,2022-11-26
493,Customer493,,huygiapboy@gmail.com,,0000493,2022-11-26,2022-11-26
494,Customer494,,huygiapboy@gmail.com,,0000494,2022-11-26,2022-11-26
495,Customer495,,huygiapboy@gmail.com,,0000495,2022-11-26,2022-11-26
496,Customer496,,huygiapboy@gmail.com,,0000496,2022-11-26,2022-11-26
497,Customer497,,huygiapboy@gmail.com,,0000497,2022-11-26,2022-11-26
498,Customer498,,huygiapboy@gmail.com,,0000498,2022-11-26,2022-11-26
499,Customer499,,huygiapboy@gmail.com,,0000499,2022-11-26,2022-11-26
500,Customer500,,huygiapboy@gmail.com,,0000500,2022-11-26,2022-11-26